Date,Regime,DT,RF,XGB
1973-02-01,1.0,0.2,0.28534730216345905,0.32249870896339417
1973-03-01,1.0,0.25,0.4389773433266182,0.9818405508995056
1973-04-01,1.0,0.07407407407407407,0.5906907870320481,0.9791029095649719
1973-05-01,1.0,1.0,0.5991326902776835,0.9569072723388672
1973-06-01,1.0,0.05555555555555555,0.708191825105736,0.9808666706085205
1973-07-01,1.0,1.0,0.8118135011261607,0.9296896457672119
1973-08-01,1.0,0.07142857142857142,0.7333779368570736,0.9488888382911682
1973-09-01,1.0,0.9615384615384616,0.8161733107810134,0.9769456386566162
1973-10-01,1.0,1.0,0.9176791970333461,0.9799497723579407
1973-11-01,1.0,1.0,0.8665629484120287,0.9784946441650391
1973-12-01,1.0,1.0,0.8462782476169308,0.9788687825202942
1974-01-01,1.0,1.0,0.8579094546827315,0.980274498462677
1974-02-01,1.0,1.0,0.8635904630046756,0.9779108166694641
1974-03-01,1.0,1.0,0.9463478714087935,0.9882452487945557
1974-04-01,1.0,1.0,0.9380923430086454,0.9914239048957825
1974-05-01,1.0,1.0,0.9074158294231204,0.9892616271972656
1974-06-01,1.0,1.0,0.9257130343398607,0.9879037737846375
1974-07-01,1.0,1.0,0.9649807562625057,0.9835405945777893
1974-08-01,1.0,0.25,0.9524970807987535,0.9851734638214111
1974-09-01,1.0,0.0,0.9652186089729721,0.9888721108436584
1974-10-01,0.0,1.0,0.9620771699566825,0.9869057536125183
1974-11-01,0.0,0.9487179487179487,0.6880791857233196,0.5480316877365112
1974-12-01,0.0,1.0,0.5796993768699276,0.28048720955848694
1975-01-01,0.0,0.8,0.4587917110638528,0.08650857955217361
1975-02-01,0.0,0.0,0.3171214205891503,0.10321524739265442
1975-03-01,0.0,0.012658227848101266,0.24876254120372626,0.027466168627142906
1975-04-01,0.0,0.052083333333333336,0.14296025928448805,0.1274057924747467
1975-05-01,0.0,0.01282051282051282,0.09637537090044697,0.007854659110307693
1975-06-01,0.0,1.0,0.12230148627300014,0.004422478843480349
1975-07-01,0.0,0.052083333333333336,0.0840409277175116,0.002168720355257392
1975-08-01,0.0,0.06060606060606061,0.09437308671048941,0.012514813803136349
1975-09-01,0.0,0.08490566037735849,0.11796462074085895,0.004792551044374704
1975-10-01,0.0,0.02702702702702703,0.12035128259291367,0.010489437729120255
1975-11-01,0.0,0.0136986301369863,0.1093532425839822,0.006512094289064407
1975-12-01,0.0,0.09345794392523364,0.09234904784999177,0.003310329280793667
1976-01-01,0.0,0.0673076923076923,0.10919662132216654,0.00580730102956295
1976-02-01,0.0,0.012658227848101266,0.07443642493487332,0.004854150116443634
1976-03-01,0.0,0.053763440860215055,0.09207292314868626,0.003895091125741601
1976-04-01,0.0,0.024691358024691357,0.10530335725755449,0.013445700518786907
1976-05-01,0.0,0.07,0.07469128875494889,0.005610392428934574
1976-06-01,0.0,0.0,0.0751948479016857,0.014126835390925407
1976-07-01,0.0,0.0449438202247191,0.16148617097856216,0.01913558319211006
1976-08-01,0.0,0.0,0.11602533683076637,0.010439631529152393
1976-09-01,0.0,0.0136986301369863,0.16225759070887893,0.024149585515260696
1976-10-01,0.0,0.061855670103092786,0.09384432239930243,0.02703004702925682
1976-11-01,0.0,0.0,0.13250353750516797,0.03987259790301323
1976-12-01,0.0,0.036585365853658534,0.20148490079261816,0.01842663437128067
1977-01-01,1.0,0.9705882352941176,0.1376994658356098,0.013447359204292297
1977-02-01,1.0,0.125,0.2427819111331777,0.7951508164405823
1977-03-01,1.0,0.07526881720430108,0.3458417083870841,0.7497469186782837
1977-04-01,1.0,0.11428571428571428,0.34385865172706426,0.8069469928741455
1977-05-01,1.0,0.056179775280898875,0.3791604336452151,0.5545160174369812
1977-06-01,1.0,0.09473684210526316,0.4143724395970946,0.9101746082305908
1977-07-01,1.0,0.5897435897435898,0.3743307482160341,0.6611179113388062
1977-08-01,1.0,0.9534883720930233,0.4187563150331919,0.7040846347808838
1977-09-01,1.0,1.0,0.5383732621871528,0.9507374167442322
1977-10-01,1.0,0.9361702127659575,0.5791286705341016,0.8539214134216309
1977-11-01,1.0,0.975609756097561,0.4967577315613546,0.8771634697914124
1977-12-01,1.0,0.6470588235294118,0.6233020977674895,0.9706148505210876
1978-01-01,1.0,0.9090909090909091,0.6789059165600401,0.9880068302154541
1978-02-01,1.0,0.8888888888888888,0.6542941022738163,0.9364473223686218
1978-03-01,0.0,0.8524590163934426,0.7691548857215514,0.9850067496299744
1978-04-01,0.0,0.8947368421052632,0.782367040830778,0.9900503158569336
1978-05-01,0.0,0.2857142857142857,0.7440906078886178,0.9436025619506836
1978-06-01,0.0,0.8571428571428571,0.7357609126273731,0.9760708808898926
1978-07-01,0.0,0.9714285714285714,0.6820395975898059,0.8141348958015442
1978-08-01,0.0,0.5925925925925926,0.6317432052144802,0.9315634965896606
1978-09-01,0.0,1.0,0.5732791866312762,0.49878036975860596
1978-10-01,0.0,0.14285714285714285,0.5697898820003138,0.5931470394134521
1978-11-01,0.0,0.058823529411764705,0.5689053385357198,0.9907435774803162
1978-12-01,0.0,0.5714285714285714,0.6148229340161608,0.3595007061958313
1979-01-01,0.0,0.7,0.6068031208806667,0.11794931441545486
1979-02-01,0.0,0.9354838709677419,0.46700119154012926,0.005551785696297884
1979-03-01,0.0,0.08433734939759036,0.44562201355465475,0.06752197444438934
1979-04-01,0.0,0.967741935483871,0.482436834637232,0.025217726826667786
1979-05-01,0.0,0.5714285714285714,0.35153485369075455,0.02646826207637787
1979-06-01,0.0,0.11764705882352941,0.420626828493735,0.06766072660684586
1979-07-01,0.0,0.5178571428571429,0.4888886954951396,0.16878540813922882
1979-08-01,0.0,1.0,0.5556271603247859,0.2316463589668274
1979-09-01,0.0,0.29411764705882354,0.5215773616380165,0.03459034115076065
1979-10-01,0.0,0.5111111111111111,0.48464686951544356,0.023791322484612465
1979-11-01,0.0,0.037037037037037035,0.408037551379295,0.03494490310549736
1979-12-01,0.0,0.05555555555555555,0.4280566625344308,0.04950462654232979
1980-01-01,0.0,0.6041666666666666,0.4093352990685908,0.06586137413978577
1980-02-01,0.0,1.0,0.31941378052334585,0.24924571812152863
1980-03-01,0.0,0.8,0.24504707146916777,0.03915541246533394
1980-04-01,0.0,0.07142857142857142,0.3047038435265867,0.014751361683011055
1980-05-01,0.0,0.2222222222222222,0.24710692889078045,0.028464896604418755
1980-06-01,0.0,0.0,0.18852047032220434,0.012137041427195072
1980-07-01,0.0,0.0,0.16217168072823043,0.011392305605113506
1980-08-01,0.0,0.0945945945945946,0.11707617610094644,0.006145884282886982
1980-09-01,0.0,0.01639344262295082,0.14366092422458931,0.005184858106076717
1980-10-01,0.0,0.03389830508474576,0.09249535560225303,0.002330393996089697
1980-11-01,0.0,0.5833333333333334,0.14260951590949109,0.0030444769654423
1980-12-01,1.0,0.01639344262295082,0.138164323710916,0.0040044160559773445
1981-01-01,1.0,0.4482758620689655,0.2558238638545103,0.2738921642303467
1981-02-01,1.0,0.0,0.33863543677682345,0.2711006700992584
1981-03-01,1.0,0.30434782608695654,0.3593280960578438,0.10999786853790283
1981-04-01,1.0,0.07792207792207792,0.30583173775186934,0.45617422461509705
1981-05-01,1.0,0.13043478260869565,0.3138085373630773,0.7081739902496338
1981-06-01,1.0,0.7037037037037037,0.4507451206354297,0.8992140889167786
1981-07-01,1.0,0.9318181818181818,0.49334502807245295,0.3438277542591095
1981-08-01,1.0,0.1111111111111111,0.5511218546541334,0.6936397552490234
1981-09-01,1.0,1.0,0.588548888347061,0.9576063752174377
1981-10-01,1.0,1.0,0.3955780196376473,0.3518521785736084
1981-11-01,1.0,0.6666666666666666,0.3432984911021487,0.053715843707323074
1981-12-01,1.0,0.0,0.41749293596552844,0.12878160178661346
1982-01-01,1.0,0.058823529411764705,0.34282674741018115,0.4870857894420624
1982-02-01,1.0,0.9047619047619048,0.34264673218392244,0.9589742422103882
1982-03-01,1.0,0.6896551724137931,0.469109794003823,0.9806917905807495
1982-04-01,1.0,1.0,0.5490905376177172,0.9957873225212097
1982-05-01,1.0,0.9285714285714286,0.5778980514291517,0.9922539591789246
1982-06-01,1.0,1.0,0.5814006532469254,0.9659988880157471
1982-07-01,1.0,0.125,0.5706104270860447,0.9632948040962219
1982-08-01,0.0,0.925,0.5265019403210988,0.860481858253479
1982-09-01,0.0,0.625,0.38246849189983145,0.22717785835266113
1982-10-01,0.0,0.11688311688311688,0.420594577088538,0.6265580058097839
1982-11-01,0.0,0.10144927536231885,0.3948329522436421,0.9085953831672668
1982-12-01,0.0,0.23076923076923078,0.3021375648292841,0.8704734444618225
1983-01-01,0.0,0.0,0.2519088211811818,0.15770751237869263
1983-02-01,0.0,0.6753246753246753,0.2607254783606644,0.12479740381240845
1983-03-01,0.0,0.09090909090909091,0.2421855335110432,0.06325391680002213
1983-04-01,0.0,0.0759493670886076,0.20653231242163347,0.019102206453680992
1983-05-01,0.0,0.0,0.18220343261009955,0.1225036084651947
1983-06-01,0.0,0.0,0.19389226333487708,0.05985410138964653
1983-07-01,0.0,0.0,0.15885647230788494,0.019808795303106308
1983-08-01,0.0,0.34375,0.2160725262202577,0.02984824776649475
1983-09-01,0.0,0.15306122448979592,0.2753373043507638,0.28034159541130066
1983-10-01,0.0,0.01639344262295082,0.21608623263593751,0.04348132386803627
1983-11-01,0.0,0.13541666666666666,0.23827092313558107,0.06320380419492722
1983-12-01,0.0,0.034482758620689655,0.28914775612893157,0.6957095265388489
1984-01-01,0.0,0.6551724137931034,0.26456046617315687,0.05452529713511467
1984-02-01,0.0,0.04,0.2975645163664423,0.7076541781425476
1984-03-01,0.0,0.8181818181818182,0.363686892399863,0.6589221954345703
1984-04-01,0.0,0.1792452830188679,0.3330196400538102,0.13560785353183746
1984-05-01,0.0,0.1717171717171717,0.3391815155829434,0.26031428575515747
1984-06-01,0.0,1.0,0.40847289439307877,0.18183428049087524
1984-07-01,0.0,0.17391304347826086,0.35873060014450664,0.08337224274873734
1984-08-01,0.0,0.6333333333333333,0.34110776538413456,0.26245641708374023
1984-09-01,0.0,1.0,0.37700227423814153,0.3615867793560028
1984-10-01,0.0,0.0,0.29085646107652807,0.1013108417391777
1984-11-01,0.0,0.2857142857142857,0.2558504065668144,0.011598597280681133
1984-12-01,0.0,0.0,0.2353057449202317,0.017894864082336426
1985-01-01,0.0,0.12162162162162163,0.22238915324469496,0.05858782306313515
1985-02-01,0.0,0.07894736842105263,0.17203749775581467,0.004642769228667021
1985-03-01,0.0,0.11363636363636363,0.2051770966802578,0.015077987685799599
1985-04-01,0.0,0.02631578947368421,0.16036752101894144,0.008654461242258549
1985-05-01,0.0,0.0,0.15671079868055032,0.0030529294162988663
1985-06-01,0.0,0.03389830508474576,0.16941236053143516,0.009965243749320507
1985-07-01,0.0,0.022727272727272728,0.14922061059345718,0.0039077880792319775
1985-08-01,0.0,0.10975609756097561,0.12146875535997907,0.0037851445376873016
1985-09-01,0.0,0.02857142857142857,0.12413104363431268,0.003868499770760536
1985-10-01,0.0,0.01639344262295082,0.16368649943599434,0.04073026403784752
1985-11-01,0.0,0.056338028169014086,0.1613608440217763,0.012940526008605957
1985-12-01,0.0,0.046153846153846156,0.13888556210263672,0.010572528466582298
1986-01-01,0.0,0.08139534883720931,0.14259505132576955,0.042290739715099335
1986-02-01,0.0,0.04938271604938271,0.1785381842712545,0.014958471059799194
1986-03-01,0.0,0.125,0.10687031373712648,0.004755761940032244
1986-04-01,0.0,0.06818181818181818,0.14853894481399782,0.004028341267257929
1986-05-01,0.0,0.0641025641025641,0.10344843718241892,0.0008400656515732408
1986-06-01,0.0,0.05555555555555555,0.09328099306376444,0.0017514436040073633
1986-07-01,0.0,0.11320754716981132,0.06681195140449278,0.004883836954832077
1986-08-01,0.0,0.0,0.07256383856087308,0.0010560060618445277
1986-09-01,0.0,0.0,0.05971357523101171,0.0014651253586634994
1986-10-01,0.0,0.06172839506172839,0.100760769306519,0.0016010139370337129
1986-11-01,0.0,0.039473684210526314,0.0880722128301565,0.004529506433755159
1986-12-01,0.0,0.06451612903225806,0.05425648021059549,0.0017296555452048779
1987-01-01,0.0,0.08080808080808081,0.07362072523840671,0.002439418574795127
1987-02-01,0.0,0.052083333333333336,0.1054529559763501,0.009289654903113842
1987-03-01,0.0,0.015151515151515152,0.05738214722633399,0.0013837103033438325
1987-04-01,0.0,0.022727272727272728,0.048406689316303805,0.0028988805133849382
1987-05-01,0.0,0.03614457831325301,0.04069184150319151,0.0031900075264275074
1987-06-01,0.0,0.022222222222222223,0.05337782735356545,0.0030338475480675697
1987-07-01,0.0,0.014492753623188406,0.03846408189542563,0.002414081944152713
1987-08-01,0.0,0.0,0.04765805451741787,0.00245013483799994
1987-09-01,1.0,0.03296703296703297,0.06336894860743847,0.0016985120018944144
1987-10-01,1.0,0.02531645569620253,0.11111223628781959,0.05423165112733841
1987-11-01,1.0,0.10256410256410256,0.12107548096117692,0.015997229143977165
1987-12-01,0.0,0.42857142857142855,0.26321863639319903,0.22279448807239532
1988-01-01,0.0,0.04,0.19924631617430905,0.18443706631660461
1988-02-01,0.0,0.05555555555555555,0.17986975461222868,0.03001600131392479
1988-03-01,0.0,0.10185185185185185,0.1512113326632541,0.04675692319869995
1988-04-01,0.0,0.05555555555555555,0.1508908622313703,0.1316407024860382
1988-05-01,0.0,0.1509433962264151,0.09558490378182301,0.030831091105937958
1988-06-01,0.0,0.1092436974789916,0.09119220579353383,0.011524851433932781
1988-07-01,0.0,0.0,0.0959234777025946,0.19117213785648346
1988-08-01,0.0,0.08108108108108109,0.11455917726225895,0.02640702575445175
1988-09-01,0.0,0.07766990291262135,0.10566801801658648,0.027601756155490875
1988-10-01,0.0,0.0449438202247191,0.10219336015079124,0.008655287325382233
1988-11-01,0.0,0.8787878787878788,0.11879199416914502,0.1512305587530136
1988-12-01,0.0,0.8,0.10604270659583542,0.11341648548841476
1989-01-01,0.0,0.056818181818181816,0.08966710570653066,0.023714032024145126
1989-02-01,0.0,0.0,0.1183428062072086,0.07390927523374557
1989-03-01,0.0,0.0625,0.09304475179177445,0.06543996930122375
1989-04-01,0.0,0.025974025974025976,0.0911721028223707,0.49107518792152405
1989-05-01,0.0,0.06930693069306931,0.10461140553394976,0.11014717817306519
1989-06-01,0.0,0.013333333333333334,0.1008553301332667,0.0037714627105742693
1989-07-01,0.0,0.0625,0.0953288748238408,0.00686953030526638
1989-08-01,0.0,0.03296703296703297,0.09690823346453677,0.020988840609788895
1989-09-01,0.0,0.046511627906976744,0.056441823730648474,0.010201063938438892
1989-10-01,0.0,0.07142857142857142,0.12832321416175158,0.013267324306070805
1989-11-01,0.0,0.03409090909090909,0.0753715482917021,0.006907808128744364
1989-12-01,0.0,0.03125,0.06898429612444504,0.005631356965750456
1990-01-01,0.0,0.021505376344086023,0.07688605422312361,0.010340958833694458
1990-02-01,0.0,0.058823529411764705,0.07809504742294822,0.005959543399512768
1990-03-01,0.0,0.0380952380952381,0.10613038170060048,0.027535634115338326
1990-04-01,0.0,0.02912621359223301,0.10956784706197721,0.027586912736296654
1990-05-01,0.0,0.05555555555555555,0.05149978437793927,0.008998902514576912
1990-06-01,1.0,0.040983606557377046,0.06907568769392801,0.021037189289927483
1990-07-01,1.0,0.048,0.22413006094640336,0.2991516590118408
1990-08-01,1.0,0.46153846153846156,0.25691047623502333,0.5341916680335999
1990-09-01,1.0,0.047244094488188976,0.26767650678282373,0.898756742477417
1990-10-01,1.0,0.3,0.3758765636629121,0.8815079927444458
1990-11-01,0.0,0.8333333333333334,0.398327529636797,0.8983287215232849
1990-12-01,0.0,0.03418803418803419,0.24826218350885593,0.018794290721416473
1991-01-01,0.0,0.0,0.29959601417414,0.35326412320137024
1991-02-01,0.0,0.03636363636363636,0.3016367771910283,0.2341134250164032
1991-03-01,0.0,1.0,0.22921177648175958,0.2106664478778839
1991-04-01,0.0,0.02702702702702703,0.11591573664592161,0.025083817541599274
1991-05-01,0.0,0.018691588785046728,0.1571839131105692,0.027673188596963882
1991-06-01,0.0,0.0,0.11918010168391102,0.014898229390382767
1991-07-01,0.0,0.05217391304347826,0.1440155111914014,0.025015896186232567
1991-08-01,0.0,0.019801980198019802,0.12908509883921698,0.010073553770780563
1991-09-01,0.0,0.028037383177570093,0.09720205753298872,0.006197335198521614
1991-10-01,0.0,0.0423728813559322,0.16322182685223274,0.004804665222764015
1991-11-01,0.0,0.11428571428571428,0.10335635064609118,0.052242107689380646
1991-12-01,0.0,0.08396946564885496,0.07300705979904082,0.003533697687089443
1992-01-01,0.0,0.009345794392523364,0.08226933806405289,0.07349970936775208
1992-02-01,0.0,0.009615384615384616,0.06368897437317574,0.003232416929677129
1992-03-01,0.0,0.009615384615384616,0.09315890330498007,0.004667303990572691
1992-04-01,0.0,0.02,0.0895761890828748,0.004780192393809557
1992-05-01,0.0,0.04201680672268908,0.04751885469480819,0.005112288519740105
1992-06-01,0.0,0.0196078431372549,0.05527485478085076,0.003153184661641717
1992-07-01,0.0,0.017543859649122806,0.057320745438891804,0.011595486663281918
1992-08-01,0.0,0.04878048780487805,0.03630725324100001,0.003608652390539646
1992-09-01,0.0,0.02654867256637168,0.01906752320025269,0.004724231082946062
1992-10-01,0.0,0.04132231404958678,0.041245441018952,0.009608494117856026
1992-11-01,0.0,0.0,0.04356092294804064,0.008679809048771858
1992-12-01,0.0,0.026785714285714284,0.03652775599873806,0.004861671943217516
1993-01-01,0.0,0.0423728813559322,0.024970445093085224,0.0035195632372051477
1993-02-01,0.0,0.034482758620689655,0.029549107727685583,0.0024409275501966476
1993-03-01,0.0,0.03305785123966942,0.01815959635571339,0.002585669979453087
1993-04-01,0.0,0.02631578947368421,0.02025459921281112,0.001745305024087429
1993-05-01,0.0,0.032520325203252036,0.013516242535875678,0.0019770655781030655
1993-06-01,0.0,0.04065040650406504,0.012652094026758957,0.0022547696717083454
1993-07-01,0.0,0.03333333333333333,0.024759322167705905,0.0020263581536710262
1993-08-01,0.0,0.032520325203252036,0.015394780090562832,0.004831576254218817
1993-09-01,0.0,0.017391304347826087,0.014604905065865561,0.0047018565237522125
1993-10-01,0.0,0.01652892561983471,0.027207154518391525,0.0032042358070611954
1993-11-01,0.0,0.03787878787878788,0.03689810111253411,0.0019853473640978336
1993-12-01,0.0,0.031007751937984496,0.026580232711955483,0.0031652385368943214
1994-01-01,0.0,0.008547008547008548,0.023643390844338766,0.007646261248737574
1994-02-01,0.0,0.008130081300813009,0.037589764907737834,0.005929489154368639
1994-03-01,0.0,0.015625,0.02775050366755953,0.0018945300253108144
1994-04-01,0.0,0.030303030303030304,0.03831092412169065,0.004569125361740589
1994-05-01,0.0,0.022900763358778626,0.027601621050966942,0.004066076595336199
1994-06-01,0.0,0.0364963503649635,0.028664297745097586,0.0036510396748781204
1994-07-01,0.0,0.0364963503649635,0.021591005797857367,0.006432465277612209
1994-08-01,0.0,0.0,0.018585686027888217,0.0021151769906282425
1994-09-01,0.0,0.0,0.011366326689868067,0.0020461990498006344
1994-10-01,0.0,0.0,0.03217049150493285,0.006253582891076803
1994-11-01,0.0,0.007462686567164179,0.03677958018221972,0.0031118118204176426
1994-12-01,0.0,0.02097902097902098,0.02600856787435445,0.002467786893248558
1995-01-01,0.0,0.0,0.02888533969666905,0.00606263754889369
1995-02-01,0.0,0.014084507042253521,0.026165549128773464,0.003660783637315035
1995-03-01,0.0,0.0,0.014573788785674025,0.004735114984214306
1995-04-01,0.0,0.0,0.004067651084628634,0.0023916445206850767
1995-05-01,0.0,0.0,0.024688685026180116,0.002903842367231846
1995-06-01,0.0,0.0,0.031841432921662624,0.002465970581397414
1995-07-01,0.0,0.014285714285714285,0.005435997161445535,0.002276883227750659
1995-08-01,0.0,0.007194244604316547,0.0036607846892393126,0.004713224247097969
1995-09-01,0.0,0.013888888888888888,0.002577457259981593,0.002688994165509939
1995-10-01,0.0,0.007142857142857143,0.039325412489305,0.002269480610266328
1995-11-01,0.0,0.007246376811594203,0.018129598703457876,0.0022898667957633734
1995-12-01,0.0,0.013888888888888888,0.05424007264306466,0.0028478153981268406
1996-01-01,0.0,0.0,0.013180292959934161,0.002874941099435091
1996-02-01,0.0,0.007142857142857143,0.020054738285074994,0.0033077062107622623
1996-03-01,0.0,0.0,0.023409330078021696,0.0033086480107158422
1996-04-01,0.0,0.0,0.017789780417144196,0.016629701480269432
1996-05-01,0.0,0.0,0.014119812978317619,0.005209807772189379
1996-06-01,0.0,0.0,0.018553070853599935,0.002518048044294119
1996-07-01,0.0,0.0,0.024202377053427065,0.0035061677917838097
1996-08-01,0.0,0.0,0.037845561056355635,0.0034979109186679125
1996-09-01,0.0,0.0,0.06700438885359943,0.01970478519797325
1996-10-01,0.0,0.014184397163120567,0.014494814864028276,0.007986675947904587
1996-11-01,0.0,0.0,0.027660881544643127,0.0050693233497440815
1996-12-01,0.0,0.007352941176470588,0.02720073859895284,0.0050413538701832294
1997-01-01,0.0,0.007194244604316547,0.016355227409583936,0.0033683343790471554
1997-02-01,0.0,0.007246376811594203,0.022798658767210666,0.0025160068180412054
1997-03-01,0.0,0.0,0.011735159180998895,0.00931360200047493
1997-04-01,0.0,0.007194244604316547,0.017407351461293026,0.004966484848409891
1997-05-01,0.0,0.0,0.0022000409394820467,0.005024788901209831
1997-06-01,0.0,0.007194244604316547,0.017796233771285738,0.006454016547650099
1997-07-01,0.0,0.007246376811594203,0.003772800249954691,0.0042071156203746796
1997-08-01,0.0,0.007042253521126761,0.0085748854712816,0.004217606037855148
1997-09-01,0.0,0.007042253521126761,0.0787927978398884,0.0031856982968747616
1997-10-01,0.0,0.007042253521126761,0.015884062317618478,0.003939536400139332
1997-11-01,0.0,0.0,0.039631844142600924,0.00393648399040103
1997-12-01,0.0,0.0,0.013335905936899374,0.005298048723489046
1998-01-01,0.0,0.007142857142857143,0.04670511626341419,0.0024537714198231697
1998-02-01,0.0,0.0,0.022205637318700924,0.003955733962357044
1998-03-01,0.0,0.0,0.012759230069012925,0.0028007098007947206
1998-04-01,0.0,0.0,0.011721918996380573,0.0048208534717559814
1998-05-01,0.0,0.007194244604316547,0.022591804955180955,0.005579287186264992
1998-06-01,0.0,0.0,0.01779091302727332,0.01153541635721922
1998-07-01,0.0,0.007142857142857143,0.0017817274309888027,0.007292128633707762
1998-08-01,0.0,0.0,0.017451225630799764,0.0025936239399015903
1998-09-01,0.0,0.0,0.007358268822201494,0.0035819020122289658
1998-10-01,0.0,0.020833333333333332,0.08863538137667275,0.013301345519721508
1998-11-01,0.0,0.0,0.01705700462167444,0.0032537051010876894
1998-12-01,0.0,0.0,0.04277673192785048,0.007537346798926592
1999-01-01,0.0,0.0070921985815602835,0.01889554348148375,0.004250332713127136
1999-02-01,0.0,0.0,0.008088051919402973,0.004919836763292551
1999-03-01,0.0,0.0,0.026682756796456417,0.002629231894388795
1999-04-01,0.0,0.0,0.07164763226509811,0.0034790984354913235
1999-05-01,0.0,0.014084507042253521,0.00194703050644312,0.002840988105162978
1999-06-01,0.0,0.007142857142857143,0.04498718938404703,0.0035682213492691517
1999-07-01,0.0,0.0072992700729927005,0.09000050319448391,0.09172317385673523
1999-08-01,0.0,0.007142857142857143,0.02768380383948879,0.026692144572734833
1999-09-01,0.0,0.6666666666666666,0.016734646090039943,0.004947800189256668
1999-10-01,0.0,0.006993006993006993,0.1083495427808462,0.025705067440867424
1999-11-01,0.0,0.0,0.11151766422007299,0.008094832301139832
1999-12-01,0.0,0.0,0.018211868430341494,0.004893430508673191
2000-01-01,0.0,0.0070921985815602835,0.013290269644657016,0.003201778745278716
2000-02-01,0.0,0.0,0.022388445937426553,0.0031379114370793104
2000-03-01,0.0,0.0,0.0761280557521498,0.003268664004281163
2000-04-01,0.0,0.0,0.030986260588428384,0.0037093632854521275
2000-05-01,0.0,0.0,0.017959332214492547,0.003221032675355673
2000-06-01,0.0,0.0,0.032534246575342464,0.004166744649410248
2000-07-01,0.0,0.0,0.045136989514747795,0.005781386513262987
2000-08-01,0.0,0.0,0.12020894880940883,0.004237782210111618
2000-09-01,1.0,0.0,0.05142172807351378,0.01111296471208334
2000-10-01,1.0,0.006944444444444444,0.05345076639194831,0.005637811962515116
2000-11-01,1.0,1.0,0.08988947177601897,0.08414260298013687
2000-12-01,1.0,0.0,0.20612551466458232,0.03351961076259613
2001-01-01,1.0,0.0,0.12301280629357098,0.033358681946992874
2001-02-01,1.0,0.007352941176470588,0.20045646198398845,0.13405653834342957
2001-03-01,1.0,0.0,0.16777212893641025,0.018678685650229454
2001-04-01,1.0,0.7777777777777778,0.3006084523899006,0.4625275135040283
2001-05-01,1.0,0.0,0.3245504405056889,0.38950613141059875
2001-06-01,1.0,0.021897810218978103,0.33010669940723486,0.6282841563224792
2001-07-01,1.0,0.0,0.413797047387399,0.9009464383125305
2001-08-01,1.0,0.0,0.46947755958690296,0.8352468609809875
2001-09-01,1.0,1.0,0.44318737750495385,0.15886302292346954
2001-10-01,1.0,1.0,0.5400097262591083,0.6444095969200134
2001-11-01,1.0,1.0,0.6903005007028947,0.9496791362762451
2001-12-01,1.0,1.0,0.6241021837404518,0.32219329476356506
2002-01-01,1.0,0.0,0.6513477292631928,0.851568341255188
2002-02-01,1.0,1.0,0.6194221697280391,0.90099036693573
2002-03-01,1.0,0.016260162601626018,0.5588896461902904,0.5156118273735046
2002-04-01,1.0,1.0,0.5343951250141782,0.7283015251159668
2002-05-01,1.0,0.0,0.5199871014866132,0.5852445960044861
2002-06-01,1.0,0.008695652173913044,0.4748506977955955,0.6667183041572571
2002-07-01,1.0,0.0,0.5557583154268475,0.917847752571106
2002-08-01,1.0,0.025,0.540744729848433,0.965447723865509
2002-09-01,1.0,0.25,0.5965246287104399,0.924497663974762
2002-10-01,0.0,1.0,0.5705252489739097,0.7124329209327698
2002-11-01,0.0,0.03305785123966942,0.44219039786921177,0.963379979133606
2002-12-01,0.0,0.8928571428571429,0.4767431651241272,0.6745535731315613
2003-01-01,0.0,0.9230769230769231,0.2903486300015009,0.7501350045204163
2003-02-01,0.0,0.008849557522123894,0.27100689533114375,0.24410705268383026
2003-03-01,0.0,1.0,0.3081873581140249,0.9346081614494324
2003-04-01,0.0,1.0,0.31094857011889315,0.6901609897613525
2003-05-01,0.0,0.0,0.259355037583123,0.23717975616455078
2003-06-01,0.0,0.018018018018018018,0.2328018217080672,0.024441838264465332
2003-07-01,0.0,0.008928571428571428,0.2760127602260104,0.364976704120636
2003-08-01,0.0,0.017094017094017096,0.30827140970637645,0.14082206785678864
2003-09-01,0.0,0.0,0.22754448041634504,0.08783175051212311
2003-10-01,0.0,1.0,0.18537691514271906,0.04184708371758461
2003-11-01,0.0,0.3333333333333333,0.22083291880213782,0.33826008439064026
2003-12-01,0.0,0.031496062992125984,0.15614424456165257,0.020524481311440468
2004-01-01,0.0,0.0,0.10050585807716171,0.004958185367286205
2004-02-01,0.0,1.0,0.12041702357475087,0.005830193869769573
2004-03-01,0.0,0.024193548387096774,0.07170552649299781,0.004587176721543074
2004-04-01,0.0,0.0,0.08644050237998346,0.005654098466038704
2004-05-01,0.0,0.024390243902439025,0.061010313944438746,0.00490160146728158
2004-06-01,0.0,0.0,0.03456581876461175,0.004806841257959604
2004-07-01,0.0,0.0,0.018199697037389644,0.004247354809194803
2004-08-01,0.0,0.008264462809917356,0.04516241193065208,0.007151041645556688
2004-09-01,0.0,0.0,0.057447005262956125,0.006139121949672699
2004-10-01,0.0,0.0,0.05727764381774809,0.004315745085477829
2004-11-01,0.0,0.008264462809917356,0.03386947948900838,0.004160208627581596
2004-12-01,0.0,0.01639344262295082,0.018415033665187864,0.003290717024356127
2005-01-01,0.0,0.01652892561983471,0.03213540151448533,0.005706445779651403
2005-02-01,0.0,0.024193548387096774,0.03611793069502384,0.0029563226271420717
2005-03-01,0.0,0.016129032258064516,0.021327667471057733,0.004503176547586918
2005-04-01,0.0,0.0,0.020065220015202355,0.003999104257673025
2005-05-01,0.0,0.008403361344537815,0.04560984159063697,0.0054250494576990604
2005-06-01,0.0,0.02459016393442623,0.04295447981323337,0.005378248170018196
2005-07-01,0.0,0.008333333333333333,0.022440079952417542,0.003655538661405444
2005-08-01,0.0,0.0,0.04585936324176276,0.003933801781386137
2005-09-01,0.0,0.008333333333333333,0.04731399792463192,0.0031588750425726175
2005-10-01,0.0,0.00819672131147541,0.10264741365472871,0.0031609146390110254
2005-11-01,0.0,0.0,0.14793940758211657,0.003986224997788668
2005-12-01,0.0,0.016260162601626018,0.04118747721743553,0.004883707035332918
2006-01-01,0.0,0.0,0.10662691653117905,0.0031519769690930843
2006-02-01,0.0,0.016,0.05975011053920574,0.004302543122321367
2006-03-01,0.0,0.023622047244094488,0.04885403276811868,0.0033026798628270626
2006-04-01,0.0,0.0,0.11318404805479804,0.0033026798628270626
2006-05-01,0.0,0.0,0.06077508228483922,0.0031554955057799816
2006-06-01,0.0,0.008333333333333333,0.06405920766044418,0.004394893534481525
2006-07-01,0.0,0.0,0.10689391248914806,0.006896486505866051
2006-08-01,0.0,0.008333333333333333,0.06057966900774978,0.0068595632910728455
2006-09-01,0.0,0.0,0.0551421121151357,0.0071137286722660065
2006-10-01,0.0,0.0,0.1650850780032512,0.009211424738168716
2006-11-01,0.0,0.01639344262295082,0.13521006899430188,0.0067679909989237785
2006-12-01,0.0,0.0,0.18599529452011848,0.006749338936060667
2007-01-01,0.0,0.0,0.12957867469590917,0.009015055373311043
2007-02-01,0.0,0.008064516129032258,0.11169609893772953,0.007139560300856829
2007-03-01,0.0,0.0,0.1151688651070617,0.006307301577180624
2007-04-01,0.0,0.008264462809917356,0.05874537836023271,0.00518246553838253
2007-05-01,0.0,0.0,0.07281841749929924,0.00518115796148777
2007-06-01,0.0,0.0,0.06045054601739237,0.007799258455634117
2007-07-01,0.0,0.0,0.0410434316431171,0.0054702418856322765
2007-08-01,0.0,0.0,0.0779349862096649,0.004525131080299616
2007-09-01,0.0,0.016260162601626018,0.15084289199590376,0.009953362867236137
2007-10-01,0.0,0.00847457627118644,0.19094440402508803,0.005569723900407553
2007-11-01,1.0,0.0,0.1314729261131072,0.0054961093701422215
2007-12-01,1.0,0.0,0.21749980313207243,0.06616710871458054
2008-01-01,1.0,0.024793388429752067,0.3031891526424019,0.05422762781381607
2008-02-01,1.0,0.6,0.4105367671192198,0.34681829810142517
2008-03-01,1.0,1.0,0.5548611465640247,0.9259204864501953
2008-04-01,1.0,0.8888888888888888,0.5725606133368981,0.7307597994804382
2008-05-01,1.0,1.0,0.75295326978026,0.9741066694259644
2008-06-01,1.0,1.0,0.7346611940451282,0.9896718263626099
2008-07-01,1.0,1.0,0.8114440014600822,0.9782781600952148
2008-08-01,1.0,1.0,0.794982979982858,0.989418089389801
2008-09-01,1.0,1.0,0.7975593418192282,0.9771934747695923
2008-10-01,1.0,1.0,0.8624506946517567,0.9876085519790649
2008-11-01,1.0,1.0,0.9115006021770046,0.983171820640564
2008-12-01,1.0,0.9642857142857143,0.7963857674357989,0.9925238490104675
2009-01-01,1.0,1.0,0.8917325682580488,0.9895747303962708
2009-02-01,1.0,1.0,0.9306350981306305,0.9906044602394104
2009-03-01,0.0,1.0,0.8500523491496387,0.9915844202041626
2009-04-01,0.0,0.0,0.6702151383357966,0.6087983250617981
2009-05-01,0.0,0.16666666666666666,0.5342458413505249,0.07471123337745667
2009-06-01,0.0,0.0,0.38551299016177304,0.3305310904979706
2009-07-01,0.0,0.0,0.38209034319508917,0.09139000624418259
2009-08-01,0.0,0.6666666666666666,0.2889617436924014,0.023076485842466354
2009-09-01,0.0,0.06060606060606061,0.31326528804786524,0.044276703149080276
2009-10-01,0.0,0.0,0.25364950597971864,0.02352519892156124
2009-11-01,0.0,0.030303030303030304,0.25772210827480746,0.018151959404349327
2009-12-01,0.0,0.0,0.24498819994872872,0.01720638945698738
2010-01-01,0.0,0.0,0.1431518204592343,0.010126233100891113
2010-02-01,0.0,0.04672897196261682,0.16926771442274224,0.013863340951502323
2010-03-01,0.0,0.03225806451612903,0.1283590177716878,0.014908184297382832
2010-04-01,0.0,0.03333333333333333,0.10167653385696554,0.006904802285134792
2010-05-01,0.0,1.0,0.13658558988938815,0.011106584221124649
2010-06-01,0.0,0.04854368932038835,0.059868705765312266,0.007591842208057642
2010-07-01,0.0,0.75,0.10882814849590985,0.010610810481011868
2010-08-01,0.0,0.0,0.0879520864636746,0.005902484059333801
2010-09-01,0.0,0.022988505747126436,0.07136268379130775,0.003427805146202445
2010-10-01,0.0,0.07339449541284404,0.06611691575878624,0.003793012350797653
2010-11-01,0.0,0.06930693069306931,0.05622418427097285,0.005152654368430376
2010-12-01,0.0,0.0,0.08229220743836628,0.005013653542846441
2011-01-01,0.0,0.049019607843137254,0.07011963828489103,0.0023660226725041866
2011-02-01,0.0,0.0625,0.07193043121370826,0.006245407275855541
2011-03-01,0.0,0.057692307692307696,0.06938905216355398,0.0023434499744325876
2011-04-01,0.0,0.02127659574468085,0.1043766062338178,0.0030206337105482817
2011-05-01,1.0,0.0,0.07919321380129182,0.0027569655794650316
2011-06-01,1.0,0.034482758620689655,0.12663642039373954,0.02295418456196785
2011-07-01,1.0,0.02631578947368421,0.17984343921303178,0.016179818660020828
2011-08-01,1.0,0.08181818181818182,0.20418743191562555,0.021768901497125626
2011-09-01,1.0,0.09090909090909091,0.26588134791134577,0.12924781441688538
2011-10-01,0.0,0.08737864077669903,0.22708701617233007,0.15501169860363007
2011-11-01,0.0,0.08333333333333333,0.1796519911902016,0.05264817550778389
2011-12-01,0.0,0.11206896551724138,0.14605827519825756,0.011840862222015858
2012-01-01,0.0,0.09174311926605505,0.14859259227108823,0.02138676866889
2012-02-01,0.0,0.10476190476190476,0.11844215401682494,0.022650528699159622
2012-03-01,0.0,0.0425531914893617,0.1327437924875376,0.025763502344489098
2012-04-01,0.0,0.04807692307692308,0.1363237317064525,0.017836647108197212
2012-05-01,0.0,0.0990990990990991,0.13414562401481225,0.012233459390699863
2012-06-01,0.0,0.07291666666666667,0.15789384986287036,0.18835310637950897
2012-07-01,0.0,0.03260869565217391,0.18190755888520485,0.0506289079785347
2012-08-01,0.0,0.09433962264150944,0.08260413256812543,0.0916667953133583
2012-09-01,0.0,0.012658227848101266,0.1363805813280187,0.013974443078041077
2012-10-01,0.0,0.052083333333333336,0.13438110893745847,0.09223829209804535
2012-11-01,0.0,0.2564102564102564,0.11874034232267172,0.0543573796749115
2012-12-01,0.0,0.04950495049504951,0.10890820838053514,0.04351257532835007
2013-01-01,0.0,0.11304347826086956,0.0931964217311816,0.03790200501680374
2013-02-01,0.0,0.031914893617021274,0.10573853592556887,0.05572926998138428
2013-03-01,0.0,0.08333333333333333,0.12930117242054454,0.05537565425038338
2013-04-01,0.0,0.08108108108108109,0.09400244444644691,0.00490918941795826
2013-05-01,0.0,0.01098901098901099,0.06187113051224712,0.005260522942990065
2013-06-01,0.0,0.0297029702970297,0.06603861532817842,0.008336128666996956
2013-07-01,0.0,0.011111111111111112,0.06354927758316287,0.014715022407472134
2013-08-01,0.0,0.0196078431372549,0.09700836097253727,0.013129071332514286
2013-09-01,0.0,0.03,0.041641130911830616,0.010840842500329018
2013-10-01,0.0,0.045454545454545456,0.061444874144490555,0.017336612567305565
2013-11-01,0.0,0.05309734513274336,0.07619383783621396,0.007662556599825621
2013-12-01,0.0,0.00980392156862745,0.05627962914421748,0.007372532971203327
2014-01-01,0.0,0.043859649122807015,0.04984168649224196,0.015925906598567963
2014-02-01,0.0,0.03508771929824561,0.05341956328741587,0.008664870634675026
2014-03-01,0.0,0.05785123966942149,0.058585772694260144,0.006438184529542923
2014-04-01,0.0,0.009174311926605505,0.05000288887747757,0.006954578682780266
2014-05-01,0.0,0.02654867256637168,0.04038482688858763,0.006224822252988815
2014-06-01,0.0,0.0,0.026175325707862514,0.002755290362983942
2014-07-01,0.0,0.008928571428571428,0.026053725897475802,0.0028529262635856867
2014-08-01,0.0,0.0625,0.03298501889629561,0.004295476712286472
2014-09-01,0.0,0.03361344537815126,0.03091682099136004,0.003719964064657688
2014-10-01,0.0,0.04201680672268908,0.03002074978051754,0.002753562992438674
2014-11-01,0.0,0.04032258064516129,0.03295953210889118,0.0020686700008809566
2014-12-01,0.0,0.00909090909090909,0.02042258646303152,0.004255425650626421
2015-01-01,0.0,0.032,0.018116990296801125,0.003935246262699366
2015-02-01,0.0,0.024,0.04618681681097948,0.003419858869165182
2015-03-01,0.0,0.023622047244094488,0.08951114490968554,0.005358492955565453
2015-04-01,0.0,0.008,0.039053352238504244,0.0025347713381052017
2015-05-01,0.0,0.007874015748031496,0.014474231020885216,0.002771482104435563
2015-06-01,0.0,0.007936507936507936,0.045216968140486063,0.0034777328837662935
2015-07-01,0.0,0.022727272727272728,0.02379888071922498,0.002742899116128683
2015-08-01,0.0,0.015748031496062992,0.007401853629267902,0.003592312103137374
2015-09-01,0.0,0.008403361344537815,0.009624336207927565,0.003934511914849281
2015-10-01,0.0,0.007874015748031496,0.01999395588025339,0.0033004230353981256
2015-11-01,0.0,0.0,0.020675724697550878,0.004837396088987589
2015-12-01,0.0,0.030534351145038167,0.03228722085206622,0.004551550839096308
2016-01-01,0.0,0.022727272727272728,0.038624056338692155,0.0036544655449688435
2016-02-01,0.0,0.022900763358778626,0.03603931083802935,0.006221852730959654
2016-03-01,0.0,0.030303030303030304,0.03841567062730698,0.007194932550191879
2016-04-01,0.0,0.015503875968992248,0.02572507113327338,0.004540097434073687
2016-05-01,0.0,0.03007518796992481,0.020008619138356845,0.008683954365551472
2016-06-01,0.0,0.0,0.029911935984180765,0.003305734135210514
2016-07-01,0.0,0.0,0.013986678473451607,0.007377713453024626
2016-08-01,0.0,0.030303030303030304,0.027364745863171645,0.0035061314702033997
2016-09-01,0.0,0.015384615384615385,0.012777843030899303,0.005093534477055073
2016-10-01,0.0,0.030303030303030304,0.013042627779639104,0.003990860190242529
2016-11-01,0.0,0.008264462809917356,0.03330966289728312,0.0026827380061149597
2016-12-01,0.0,0.0,0.009216663627283362,0.003281507408246398
2017-01-01,0.0,0.0,0.011195956716207682,0.003281067358329892
2017-02-01,0.0,0.0,0.01077029047320818,0.0020178151316940784
2017-03-01,0.0,0.023076923076923078,0.014154268506395482,0.002462830161675811
2017-04-01,0.0,0.03759398496240601,0.0077198555984475115,0.0026081856340169907
2017-05-01,0.0,0.015748031496062992,0.028401994629735694,0.004054070450365543
2017-06-01,0.0,0.015503875968992248,0.01354642515281717,0.0030158953741192818
2017-07-01,0.0,0.015625,0.01144217711130739,0.005621659103780985
2017-08-01,0.0,0.007874015748031496,0.033651300886836835,0.007603454403579235
2017-09-01,0.0,0.015503875968992248,0.033046364717546524,0.009289553388953209
2017-10-01,0.0,0.015384615384615385,0.03707313350017083,0.0034109631087630987
2017-11-01,0.0,0.007874015748031496,0.020649550666497683,0.0028860701713711023
2017-12-01,0.0,0.023255813953488372,0.024245170005193467,0.0028627736028283834
2018-01-01,0.0,0.008,0.028043129451470906,0.0059562926180660725
2018-02-01,0.0,0.015503875968992248,0.04036276179274683,0.0023688855580985546
2018-03-01,0.0,0.00847457627118644,0.034863609538857594,0.005522805266082287
2018-04-01,0.0,0.030303030303030304,0.041415074928143766,0.004390841815620661
2018-05-01,0.0,0.015384615384615385,0.06079173707814637,0.004672878421843052
2018-06-01,0.0,0.015384615384615385,0.031778088463503405,0.0032890269067138433
2018-07-01,0.0,0.015873015873015872,0.02771486207047634,0.0025975224561989307
2018-08-01,0.0,0.008064516129032258,0.024445588255783326,0.0025484373327344656
2018-09-01,0.0,0.0,0.020757630097512934,0.014134269207715988
2018-10-01,0.0,0.022900763358778626,0.012214104691593118,0.003754050936549902
2018-11-01,0.0,0.022900763358778626,0.024439586134326126,0.003999087028205395
2018-12-01,0.0,0.0,0.018129713399056,0.0037927383091300726
2019-01-01,0.0,0.030303030303030304,0.03328848292637102,0.0054107834585011005
2019-02-01,0.0,0.022900763358778626,0.03887945204273558,0.005731599871069193
2019-03-01,0.0,0.0,0.053479804120779725,0.004689991008490324
2019-04-01,0.0,0.015384615384615385,0.01686431985957437,0.004123124293982983
2019-05-01,0.0,0.0,0.040698064378567975,0.005091147497296333
2019-06-01,0.0,0.0,0.0424677710801718,0.004690002184361219
2019-07-01,0.0,0.015384615384615385,0.030585154290621377,0.005595499649643898
2019-08-01,0.0,0.007751937984496124,0.09614922869271733,0.0034894610289484262
2019-09-01,0.0,0.023809523809523808,0.07075247156006494,0.010036887601017952
2019-10-01,0.0,0.015625,0.12768967429849012,0.017998144030570984
2019-11-01,0.0,0.0,0.1252490657328244,0.005688371602445841
2019-12-01,0.0,0.0,0.09882116932605058,0.004916185047477484
2020-01-01,1.0,0.015873015873015872,0.07763408404987318,0.004632692318409681
2020-02-01,1.0,0.007936507936507936,0.353532699330878,0.34069520235061646
2020-03-01,1.0,1.0,0.4799434546688641,0.9134106636047363
2020-04-01,0.0,0.0,0.6384144457388414,0.7229767441749573
2020-05-01,0.0,0.0234375,0.6207898628776166,0.6599243879318237
2020-06-01,0.0,0.015748031496062992,0.37547387472072913,0.04083437845110893
2020-07-01,0.0,1.0,0.4931271562034509,0.8520526885986328
2020-08-01,0.0,1.0,0.3746181003966512,0.2341768741607666
2020-09-01,0.0,0.0,0.23899105627386066,0.07194312661886215
2020-10-01,0.0,0.0,0.3912354442364967,0.3586942255496979
2020-11-01,0.0,0.022727272727272728,0.24888465442177568,0.18644487857818604
2020-12-01,0.0,0.022900763358778626,0.17234860691469314,0.0591818243265152
2021-01-01,0.0,0.015151515151515152,0.16203350311685305,0.023629896342754364
2021-02-01,0.0,1.0,0.20869655103904478,0.01962755061686039
2021-03-01,0.0,0.75,0.18242459318388868,0.00835918914526701
2021-04-01,0.0,0.02877697841726619,0.2105872478621226,0.3756842613220215
2021-05-01,0.0,0.02142857142857143,0.22036607162760105,0.07073809951543808
2021-06-01,0.0,0.021897810218978103,0.1998986361891464,0.027093812823295593
2021-07-01,0.0,0.007194244604316547,0.21786039835663218,0.011719638481736183
2021-08-01,0.0,0.007462686567164179,0.2181864173679827,0.018840061500668526
2021-09-01,0.0,0.0,0.18465891515517174,0.01848267763853073
2021-10-01,0.0,0.0,0.08789158481055692,0.013325298205018044
2021-11-01,0.0,0.014285714285714285,0.08047188820847546,0.009817267768085003
2021-12-01,0.0,0.007042253521126761,0.07370297564053276,0.009996723383665085
2022-01-01,1.0,0.013986013986013986,0.04198409018497275,0.010353684425354004
2022-02-01,1.0,0.0072992700729927005,0.2064083161893814,0.03819591924548149
2022-03-01,1.0,0.045454545454545456,0.3239219556019615,0.25112807750701904
2022-04-01,1.0,1.0,0.4657468650404338,0.2658001780509949
2022-05-01,1.0,0.75,0.609993893572513,0.8054003119468689
2022-06-01,1.0,0.04195804195804196,0.6532027719182361,0.25661560893058777
2022-07-01,1.0,0.02857142857142857,0.6029599736657314,0.9375929236412048
2022-08-01,1.0,1.0,0.776541197276546,0.8319804668426514
2022-09-01,1.0,1.0,0.5575741728001747,0.9190900325775146
2022-10-01,0.0,1.0,0.7551269479686471,0.954413890838623
2022-11-01,0.0,0.015267175572519083,0.49422983835492845,0.10779690742492676
2022-12-01,0.0,0.031007751937984496,0.3193318712826405,0.2922736406326294
2023-01-01,0.0,0.04316546762589928,0.2886972278775767,0.0270606130361557
2023-02-01,0.0,0.0,0.23911619370120996,0.013073552399873734
2023-03-01,0.0,0.030534351145038167,0.10276438531626111,0.004645868204534054
2023-04-01,0.0,0.03731343283582089,0.0879361905466983,0.004782581236213446
2023-05-01,0.0,0.0,0.06158422799894796,0.002103423001244664
